"","Image"
"1",7527
"2",7528
"3",7534
"4",7536
"5",7538
"6",7539
"7",7543
"8",7547
"9",7551
"10",7553
"11",7554
"12",7556
"13",7558
"14",7559
"15",7562
"16",7565
"17",7578
"18",7584
"19",7593
"20",7598
"21",7599
"22",7603
"23",7616
"24",7617
"25",7618
"26",7619
"27",7621
"28",7622
"29",7624
"30",7625
"31",7632
"32",7635
"33",7643
"34",7644
"35",7652
"36",7655
"37",7657
"38",7659
"39",7663
"40",7674
"41",7677
"42",7679
"43",7681
"44",7684
"45",7686
"46",7690
"47",7695
"48",7701
"49",7707
"50",7712
"51",7718
"52",7720
"53",7727
"54",7728
"55",7731
"56",7735
"57",7738
"58",7739
"59",7744
"60",7762
"61",7766
"62",7769
"63",7777
"64",7784
"65",7791
"66",7793
"67",7794
"68",7796
"69",7799
"70",7801
"71",7803
"72",7804
"73",7809
"74",7810
"75",7812
"76",7813
"77",7818
"78",7821
"79",7837
"80",7838
"81",7839
"82",7840
"83",7843
"84",7844
"85",7845
"86",7851
"87",7854
"88",7855
"89",7856
"90",7857
"91",7861
"92",7876
"93",7880
"94",7881
"95",7886
"96",7889
"97",7896
"98",7897
"99",7903
"100",7904
